{"cameraMode":{"drawMode":0,"name":"Shaded","section":"Shading Mode"},"sceneLighting":false,"audioPlay":false,"sceneViewState":{"showFog":true,"showMaterialUpdate":false,"showSkybox":true,"showFlares":true,"showImageEffects":true,"showParticleSystems":true},"in2DMode":false,"pivot":{"x":0.37295418977737429,"y":-0.6646426916122437,"z":-0.5948964357376099},"rotation":{"x":0.24580122530460359,"y":-0.43868571519851687,"z":0.12609799206256867,"w":0.8551233410835266},"size":2.2463982105255129,"orthographic":false}